N:0000,N:0001,N:0002
N:0001,N:0003
N:0003,N:0004,N:0005
N:0004,N:0006,N:0007
N:0006,N:0008
N:0008,N:0009
N:0009,N:0010
N:0010,N:0011,N:0012
N:0011,N:0013,N:0014
N:0013,N:0015
N:0015,N:0016,N:0017
N:0016,N:0018
N:0018,N:0019,N:0020
N:0019,N:0021,N:0022
N:0021,N:0023
N:0023
N:0022,N:0024
N:0024
N:0020,N:0025
N:0025,N:0026
N:0026,N:0027,N:0028
N:0027
N:0028,N:0029
N:0029
N:0017,N:0030
N:0030,N:0031
N:0031,N:0032,N:0033
N:0032,N:0034,N:0035
N:0034,N:0036
N:0036
N:0035,N:0037
N:0037
N:0033,N:0038,N:0039
N:0038,N:0040
N:0040
N:0039,N:0041
N:0041,N:0042
N:0042
N:0014,N:0043,N:0044
N:0043,N:0045
N:0045,N:0046,N:0047
N:0046,N:0048,N:0049
N:0048,N:0050
N:0050
N:0049,N:0051
N:0051,N:0052
N:0052
N:0047,N:0053
N:0053,N:0054
N:0054,N:0055,N:0056
N:0055
N:0056,N:0057
N:0057
N:0044,N:0058,N:0059
N:0058,N:0060
N:0060,N:0061
N:0061,N:0062
N:0062,N:0063,N:0064
N:0063
N:0064,N:0065
N:0065
N:0059,N:0066,N:0067
N:0066,N:0068
N:0068,N:0069
N:0069
N:0067,N:0070,N:0071
N:0070
N:0071
N:0012,N:0072,N:0073,N:0074
N:0072,N:0075
N:0075,N:0076
N:0076,N:0077,N:0078
N:0077,N:0079,N:0080
N:0079,N:0081
N:0081,N:0082
N:0082
N:0080,N:0083
N:0083,N:0084
N:0084,N:0085
N:0085
N:0078,N:0086,N:0087
N:0086,N:0088,N:0089
N:0088
N:0089
N:0087,N:0090
N:0090,N:0091
N:0091,N:0092
N:0092
N:0073,N:0093
N:0093,N:0094,N:0095
N:0094,N:0096,N:0097
N:0096,N:0098
N:0098,N:0099
N:0099
N:0097,N:0100
N:0100,N:0101,N:0102
N:0101
N:0102
N:0095,N:0103
N:0103,N:0104,N:0105
N:0104,N:0106,N:0107
N:0106
N:0107
N:0105,N:0108,N:0109
N:0108
N:0109,N:0110
N:0110
N:0074,N:0111,N:0112
N:0111,N:0113
N:0113,N:0114,N:0115
N:0114,N:0116
N:0116,N:0117
N:0117,N:0118
N:0118
N:0115,N:0119
N:0119,N:0120
N:0120,N:0121
N:0121
N:0112,N:0122
N:0122,N:0123
N:0123,N:0124
N:0124,N:0125,N:0126
N:0125,N:0127,N:0128
N:0127
N:0128
N:0126,N:0129,N:0130
N:0129
N:0130
N:0007,N:0131,N:0132
N:0131,N:0133
N:0133,N:0134
N:0134,N:0135,N:0136
N:0135,N:0137
N:0137,N:0138
N:0138,N:0139,N:0140
N:0139,N:0141
N:0141,N:0142
N:0142,N:0143,N:0144
N:0143,N:0145,N:0146
N:0145,N:0147
N:0147
N:0146,N:0148
N:0148
N:0144,N:0149
N:0149,N:0150,N:0151
N:0150
N:0151,N:0152
N:0152
N:0140,N:0153
N:0153,N:0154
N:0154,N:0155
N:0155,N:0156,N:0157
N:0156,N:0158,N:0159
N:0158
N:0159,N:0160
N:0160
N:0157,N:0161,N:0162
N:0161,N:0163
N:0163
N:0162,N:0164
N:0164
N:0136,N:0165
N:0165,N:0166
N:0166,N:0167,N:0168
N:0167,N:0169
N:0169,N:0170,N:0171
N:0170,N:0172,N:0173
N:0172,N:0174
N:0174
N:0173,N:0175
N:0175
N:0171,N:0176
N:0176,N:0177
N:0177,N:0178,N:0179
N:0178
N:0179,N:0180
N:0180
N:0168,N:0181,N:0182
N:0181,N:0183
N:0183,N:0184
N:0184,N:0185
N:0185,N:0186
N:0186,N:0187
N:0187
N:0182,N:0188
N:0188,N:0189,N:0190
N:0189,N:0191
N:0191
N:0190,N:0192
N:0192
N:0132,N:0193,N:0194
N:0193,N:0195,N:0196
N:0195,N:0197,N:0198
N:0197,N:0199,N:0200
N:0199,N:0201
N:0201
N:0200,N:0202,N:0203
N:0202
N:0203
N:0198,N:0204,N:0205
N:0204,N:0206
N:0206,N:0207
N:0207
N:0205,N:0208
N:0208,N:0209
N:0209
N:0196,N:0210,N:0211
N:0210,N:0212,N:0213
N:0212,N:0214
N:0214,N:0215
N:0215
N:0213,N:0216
N:0216,N:0217
N:0217
N:0211,N:0218
N:0218,N:0219,N:0220
N:0219,N:0221
N:0221
N:0220,N:0222
N:0222,N:0223
N:0223
N:0194,N:0224
N:0224,N:0225,N:0226
N:0225,N:0227,N:0228
N:0227,N:0229,N:0230
N:0229,N:0231
N:0231
N:0230,N:0232,N:0233
N:0232
N:0233
N:0228,N:0234,N:0235
N:0234,N:0236
N:0236,N:0237
N:0237
N:0235,N:0238
N:0238,N:0239
N:0239
N:0226,N:0240
N:0240,N:0241,N:0242
N:0241,N:0243
N:0243,N:0244
N:0244,N:0245
N:0245,N:0246,N:0247
N:0246
N:0247
N:0242,N:0248
N:0248,N:0249
N:0249,N:0250,N:0251
N:0250,N:0252
N:0252
N:0251,N:0253
N:0253
N:0005,N:0254
N:0254,N:0255,N:0256
N:0255,N:0257
N:0257,N:0258
N:0258,N:0259,N:0260
N:0259,N:0261
N:0261,N:0262,N:0263
N:0262,N:0264
N:0264,N:0265,N:0266
N:0265,N:0267,N:0268
N:0267,N:0269
N:0269,N:0270
N:0270,N:0271
N:0271,N:0272,N:0273
N:0272
N:0273
N:0268,N:0274
N:0274,N:0275
N:0275,N:0276
N:0276,N:0277
N:0277,N:0278
N:0278
N:0266,N:0279
N:0279,N:0280
N:0280,N:0281
N:0281,N:0282
N:0282,N:0283,N:0284
N:0283,N:0285,N:0286
N:0285
N:0286,N:0287
N:0287
N:0284,N:0288
N:0288,N:0289,N:0290
N:0289
N:0290,N:0291
N:0291
N:0263,N:0292
N:0292,N:0293
N:0293,N:0294,N:0295
N:0294,N:0296
N:0296,N:0297
N:0297,N:0298
N:0298,N:0299
N:0299,N:0300,N:0301
N:0300,N:0302,N:0303
N:0302
N:0303,N:0304
N:0304
N:0301,N:0305,N:0306
N:0305
N:0306,N:0307
N:0307
N:0295,N:0308
N:0308,N:0309
N:0309,N:0310,N:0311
N:0310,N:0312,N:0313,N:0314
N:0312
N:0313
N:0314,N:0315
N:0315
N:0311,N:0316
N:0316,N:0317,N:0318
N:0317
N:0318,N:0319
N:0319
N:0260,N:0320,N:0321,N:0322
N:0320,N:0323,N:0324
N:0323,N:0325
N:0325,N:0326,N:0327
N:0326,N:0328,N:0329
N:0328
N:0329
N:0327,N:0330,N:0331
N:0330
N:0331,N:0332
N:0332
N:0324,N:0333,N:0334
N:0333,N:0335,N:0336
N:0335
N:0336,N:0337
N:0337
N:0334,N:0338
N:0338,N:0339
N:0339,N:0340
N:0340
N:0321,N:0341,N:0342
N:0341,N:0343,N:0344
N:0343,N:0345
N:0345,N:0346,N:0347
N:0346
N:0347
N:0344,N:0348
N:0348,N:0349
N:0349,N:0350
N:0350
N:0342,N:0351,N:0352
N:0351,N:0353
N:0353,N:0354
N:0354,N:0355
N:0355
N:0352,N:0356,N:0357
N:0356
N:0357,N:0358
N:0358
N:0322,N:0359
N:0359,N:0360,N:0361
N:0360,N:0362
N:0362,N:0363,N:0364
N:0363,N:0365,N:0366
N:0365
N:0366
N:0364,N:0367
N:0367,N:0368
N:0368,N:0369
N:0369
N:0361,N:0370,N:0371
N:0370,N:0372,N:0373
N:0372
N:0373,N:0374
N:0374
N:0371,N:0375
N:0375,N:0376
N:0376,N:0377
N:0377,N:0378
N:0378
N:0256,N:0379,N:0380
N:0379,N:0381,N:0382
N:0381,N:0383,N:0384
N:0383,N:0385
N:0385,N:0386
N:0386,N:0387
N:0387,N:0388,N:0389
N:0388,N:0390,N:0391
N:0390,N:0392
N:0392
N:0391,N:0393
N:0393
N:0389,N:0394
N:0394,N:0395
N:0395,N:0396
N:0396,N:0397
N:0397
N:0384,N:0398
N:0398,N:0399
N:0399,N:0400,N:0401
N:0400,N:0402,N:0403,N:0404
N:0402
N:0403
N:0404,N:0405
N:0405,N:0406
N:0406
N:0401,N:0407,N:0408
N:0407,N:0409
N:0409
N:0408,N:0410,N:0411
N:0410
N:0411
N:0382,N:0412,N:0413
N:0412,N:0414,N:0415
N:0414,N:0416
N:0416,N:0417,N:0418
N:0417,N:0419
N:0419
N:0418,N:0420
N:0420
N:0415,N:0421,N:0422
N:0421,N:0423,N:0424
N:0423
N:0424
N:0422,N:0425,N:0426
N:0425
N:0426
N:0413,N:0427,N:0428
N:0427,N:0429,N:0430
N:0429,N:0431,N:0432
N:0431
N:0432
N:0430,N:0433,N:0434
N:0433
N:0434
N:0428,N:0435,N:0436
N:0435,N:0437,N:0438
N:0437
N:0438
N:0436,N:0439,N:0440
N:0439
N:0440
N:0380,N:0441,N:0442
N:0441,N:0443
N:0443,N:0444
N:0444,N:0445
N:0445,N:0446,N:0447
N:0446,N:0448,N:0449
N:0448,N:0450,N:0451
N:0450,N:0452
N:0452
N:0451,N:0453
N:0453,N:0454
N:0454
N:0449,N:0455
N:0455,N:0456,N:0457
N:0456,N:0458
N:0458
N:0457,N:0459
N:0459
N:0447,N:0460,N:0461
N:0460,N:0462
N:0462,N:0463,N:0464
N:0463,N:0465
N:0465
N:0464,N:0466
N:0466
N:0461,N:0467
N:0467,N:0468,N:0469
N:0468,N:0470
N:0470
N:0469,N:0471
N:0471
N:0442,N:0472,N:0473
N:0472,N:0474
N:0474,N:0475
N:0475,N:0476
N:0476,N:0477,N:0478
N:0477,N:0479
N:0479,N:0480
N:0480,N:0481,N:0482
N:0481
N:0482
N:0478,N:0483,N:0484
N:0483,N:0485
N:0485
N:0484,N:0486,N:0487
N:0486
N:0487
N:0473,N:0488,N:0489
N:0488,N:0490
N:0490,N:0491
N:0491,N:0492,N:0493
N:0492,N:0494
N:0494
N:0493,N:0495
N:0495
N:0489,N:0496,N:0497
N:0496,N:0498
N:0498,N:0499
N:0499
N:0497,N:0500
N:0500,N:0501
N:0501
N:0002,N:0502,N:0503
N:0502,N:0504,N:0505
N:0504,N:0506
N:0506,N:0507
N:0507,N:0508,N:0509
N:0508,N:0510,N:0511
N:0510,N:0512
N:0512,N:0513,N:0514
N:0513,N:0515,N:0516
N:0515,N:0517
N:0517,N:0518,N:0519
N:0518,N:0520
N:0520
N:0519,N:0521
N:0521
N:0516,N:0522
N:0522,N:0523,N:0524
N:0523,N:0525
N:0525
N:0524,N:0526
N:0526
N:0514,N:0527,N:0528
N:0527,N:0529,N:0530
N:0529,N:0531
N:0531
N:0530,N:0532
N:0532,N:0533
N:0533
N:0528,N:0534,N:0535
N:0534,N:0536
N:0536,N:0537
N:0537
N:0535,N:0538,N:0539
N:0538
N:0539
N:0511,N:0540
N:0540,N:0541,N:0542
N:0541,N:0543
N:0543,N:0544,N:0545
N:0544,N:0546,N:0547
N:0546,N:0548
N:0548
N:0547,N:0549
N:0549,N:0550
N:0550
N:0545,N:0551
N:0551,N:0552
N:0552,N:0553
N:0553,N:0554,N:0555
N:0554
N:0555
N:0542,N:0556,N:0557
N:0556,N:0558,N:0559
N:0558,N:0560
N:0560
N:0559,N:0561,N:0562
N:0561
N:0562
N:0557,N:0563,N:0564
N:0563,N:0565
N:0565,N:0566
N:0566
N:0564,N:0567,N:0568
N:0567
N:0568
N:0509,N:0569,N:0570
N:0569,N:0571
N:0571,N:0572
N:0572,N:0573,N:0574
N:0573,N:0575,N:0576
N:0575,N:0577
N:0577,N:0578,N:0579
N:0578,N:0580
N:0580
N:0579,N:0581
N:0581
N:0576,N:0582,N:0583
N:0582,N:0584
N:0584
N:0583,N:0585
N:0585,N:0586
N:0586
N:0574,N:0587,N:0588
N:0587,N:0589,N:0590
N:0589,N:0591
N:0591
N:0590,N:0592
N:0592,N:0593
N:0593
N:0588,N:0594,N:0595
N:0594,N:0596,N:0597
N:0596
N:0597
N:0595,N:0598
N:0598,N:0599
N:0599
N:0570,N:0600
N:0600,N:0601
N:0601,N:0602
N:0602,N:0603,N:0604
N:0603,N:0605,N:0606
N:0605,N:0607,N:0608
N:0607,N:0609
N:0609
N:0608,N:0610,N:0611
N:0610
N:0611
N:0606,N:0612
N:0612,N:0613,N:0614
N:0613,N:0615
N:0615
N:0614,N:0616
N:0616
N:0604,N:0617,N:0618
N:0617,N:0619
N:0619,N:0620,N:0621
N:0620,N:0622
N:0622
N:0621,N:0623
N:0623
N:0618,N:0624
N:0624,N:0625
N:0625,N:0626,N:0627
N:0626
N:0627,N:0628
N:0628
N:0505,N:0629
N:0629,N:0630
N:0630,N:0631,N:0632
N:0631,N:0633
N:0633,N:0634,N:0635
N:0634,N:0636
N:0636,N:0637,N:0638
N:0637,N:0639,N:0640
N:0639,N:0641
N:0641,N:0642,N:0643
N:0642,N:0644
N:0644
N:0643,N:0645
N:0645
N:0640,N:0646
N:0646,N:0647
N:0647,N:0648,N:0649,N:0650
N:0648
N:0649
N:0650
N:0638,N:0651
N:0651,N:0652,N:0653
N:0652,N:0654
N:0654,N:0655,N:0656
N:0655,N:0657
N:0657
N:0656,N:0658
N:0658
N:0653,N:0659
N:0659,N:0660,N:0661
N:0660,N:0662
N:0662
N:0661,N:0663
N:0663
N:0635,N:0664
N:0664,N:0665,N:0666
N:0665,N:0667
N:0667,N:0668
N:0668,N:0669,N:0670
N:0669,N:0671,N:0672
N:0671,N:0673
N:0673
N:0672,N:0674
N:0674
N:0670,N:0675
N:0675,N:0676
N:0676,N:0677,N:0678
N:0677
N:0678
N:0666,N:0679,N:0680
N:0679,N:0681
N:0681,N:0682,N:0683
N:0682,N:0684
N:0684
N:0683,N:0685
N:0685
N:0680,N:0686,N:0687
N:0686,N:0688,N:0689
N:0688
N:0689
N:0687,N:0690,N:0691
N:0690
N:0691
N:0632,N:0692
N:0692,N:0693,N:0694
N:0693,N:0695,N:0696
N:0695,N:0697
N:0697,N:0698,N:0699
N:0698,N:0700
N:0700,N:0701,N:0702
N:0701,N:0703
N:0703
N:0702,N:0704
N:0704
N:0699,N:0705,N:0706
N:0705,N:0707
N:0707
N:0706,N:0708
N:0708,N:0709
N:0709
N:0696,N:0710,N:0711
N:0710,N:0712
N:0712,N:0713,N:0714
N:0713,N:0715
N:0715
N:0714,N:0716
N:0716
N:0711,N:0717
N:0717,N:0718
N:0718,N:0719
N:0719,N:0720
N:0720,N:0721,N:0722
N:0721
N:0722
N:0694,N:0723,N:0724
N:0723,N:0725
N:0725,N:0726,N:0727
N:0726,N:0728
N:0728,N:0729
N:0729,N:0730,N:0731
N:0730
N:0731,N:0732
N:0732
N:0727,N:0733
N:0733,N:0734,N:0735
N:0734,N:0736
N:0736
N:0735,N:0737
N:0737
N:0724,N:0738,N:0739
N:0738,N:0740
N:0740,N:0741
N:0741,N:0742,N:0743,N:0744
N:0742
N:0743
N:0744,N:0745
N:0745
N:0739,N:0746
N:0746,N:0747
N:0747,N:0748
N:0748,N:0749
N:0749,N:0750
N:0750,N:0751
N:0751
N:0503,N:0752
N:0752,N:0753,N:0754
N:0753,N:0755,N:0756
N:0755,N:0757
N:0757,N:0758,N:0759
N:0758,N:0760,N:0761
N:0760,N:0762
N:0762,N:0763,N:0764
N:0763,N:0765
N:0765,N:0766
N:0766,N:0767,N:0768
N:0767
N:0768,N:0769
N:0769
N:0764,N:0770
N:0770,N:0771,N:0772
N:0771,N:0773
N:0773
N:0772,N:0774
N:0774
N:0761,N:0775,N:0776
N:0775,N:0777
N:0777,N:0778
N:0778,N:0779,N:0780
N:0779
N:0780,N:0781
N:0781
N:0776,N:0782,N:0783
N:0782,N:0784,N:0785
N:0784
N:0785
N:0783,N:0786
N:0786,N:0787
N:0787
N:0759,N:0788
N:0788,N:0789,N:0790
N:0789,N:0791,N:0792
N:0791,N:0793,N:0794
N:0793,N:0795
N:0795
N:0794,N:0796,N:0797
N:0796
N:0797
N:0792,N:0798
N:0798,N:0799,N:0800
N:0799,N:0801
N:0801
N:0800,N:0802
N:0802,N:0803
N:0803
N:0790,N:0804
N:0804,N:0805
N:0805,N:0806
N:0806,N:0807,N:0808
N:0807,N:0809
N:0809,N:0810,N:0811
N:0810
N:0811,N:0812
N:0812
N:0808,N:0813
N:0813,N:0814,N:0815
N:0814
N:0815,N:0816
N:0816
N:0756,N:0817
N:0817,N:0818
N:0818,N:0819,N:0820
N:0819,N:0821,N:0822
N:0821,N:0823,N:0824
N:0823,N:0825,N:0826
N:0825,N:0827
N:0827
N:0826,N:0828
N:0828,N:0829
N:0829
N:0824,N:0830
N:0830,N:0831
N:0831,N:0832
N:0832,N:0833,N:0834
N:0833
N:0834,N:0835
N:0835
N:0822,N:0836,N:0837
N:0836,N:0838
N:0838,N:0839,N:0840
N:0839,N:0841
N:0841
N:0840,N:0842
N:0842
N:0837,N:0843
N:0843,N:0844,N:0845
N:0844,N:0846
N:0846
N:0845,N:0847,N:0848
N:0847
N:0848
N:0820,N:0849
N:0849,N:0850,N:0851
N:0850,N:0852
N:0852,N:0853,N:0854
N:0853,N:0855
N:0855,N:0856,N:0857
N:0856,N:0858
N:0858
N:0857,N:0859
N:0859
N:0854,N:0860
N:0860,N:0861
N:0861,N:0862,N:0863
N:0862
N:0863,N:0864
N:0864
N:0851,N:0865,N:0866
N:0865,N:0867,N:0868
N:0867,N:0869
N:0869
N:0868,N:0870,N:0871
N:0870
N:0871
N:0866,N:0872
N:0872,N:0873,N:0874,N:0875
N:0873
N:0874
N:0875,N:0876
N:0876,N:0877
N:0877
N:0754,N:0878
N:0878,N:0879,N:0880
N:0879,N:0881
N:0881,N:0882,N:0883
N:0882,N:0884
N:0884,N:0885
N:0885,N:0886
N:0886,N:0887,N:0888
N:0887,N:0889,N:0890
N:0889,N:0891
N:0891,N:0892,N:0893
N:0892
N:0893,N:0894
N:0894
N:0890,N:0895
N:0895,N:0896,N:0897
N:0896,N:0898
N:0898
N:0897,N:0899
N:0899
N:0888,N:0900,N:0901
N:0900,N:0902
N:0902,N:0903,N:0904
N:0903,N:0905
N:0905
N:0904,N:0906
N:0906
N:0901,N:0907
N:0907,N:0908,N:0909
N:0908,N:0910
N:0910
N:0909,N:0911
N:0911
N:0883,N:0912,N:0913
N:0912,N:0914
N:0914,N:0915,N:0916
N:0915,N:0917,N:0918
N:0917,N:0919
N:0919
N:0918,N:0920,N:0921
N:0920
N:0921
N:0916,N:0922
N:0922,N:0923
N:0923,N:0924
N:0924,N:0925
N:0925,N:0926
N:0926
N:0913,N:0927
N:0927,N:0928
N:0928,N:0929
N:0929,N:0930
N:0930,N:0931,N:0932
N:0931,N:0933,N:0934
N:0933,N:0935
N:0935
N:0934,N:0936
N:0936
N:0932,N:0937,N:0938
N:0937,N:0939
N:0939
N:0938,N:0940
N:0940
N:0880,N:0941
N:0941,N:0942
N:0942,N:0943
N:0943,N:0944
N:0944,N:0945
N:0945,N:0946,N:0947
N:0946,N:0948
N:0948,N:0949,N:0950
N:0949,N:0951,N:0952
N:0951,N:0953,N:0954
N:0953,N:0955
N:0955
N:0954,N:0956
N:0956
N:0952,N:0957
N:0957,N:0958
N:0958,N:0959
N:0959,N:0960,N:0961
N:0960
N:0961
N:0950,N:0962,N:0963
N:0962,N:0964,N:0965
N:0964,N:0966
N:0966
N:0965,N:0967
N:0967,N:0968
N:0968
N:0963,N:0969
N:0969,N:0970,N:0971
N:0970,N:0972
N:0972
N:0971,N:0973
N:0973
N:0947,N:0974
N:0974,N:0975,N:0976
N:0975,N:0977,N:0978
N:0977,N:0979,N:0980
N:0979,N:0981
N:0981
N:0980,N:0982
N:0982,N:0983
N:0983
N:0978,N:0984
N:0984,N:0985
N:0985,N:0986,N:0987
N:0986
N:0987,N:0988
N:0988
N:0976,N:0989
N:0989,N:0990,N:0991
N:0990,N:0992,N:0993
N:0992,N:0994
N:0994
N:0993,N:0995
N:0995
N:0991,N:0996,N:0997
N:0996,N:0998
N:0998
N:0997,N:0999
N:0999,N:1000
N:1000
